{"mtx": [[1356.9121805061443, 0.0, 2065.0917238977963], [0.0, 1347.195085025208, 1022.683691508483], [0.0, 0.0, 1.0]], "dist": [[-0.01061040137671262, -0.022120128673207947, -0.0009680459877827385, -0.0005404986270982616, 0.004753763288025273]], "rvecs": [[[0.08699810539768014], [-0.021591560793029537], [1.5791215915556438]], [[0.07119627673565158], [-0.007323032304716016], [1.5345465009174937]], [[0.010263950457970164], [0.007852010289297497], [1.5916284987232456]], [[-0.012710832116794937], [-0.02638880532922939], [1.577465728706076]], [[0.07021882682861577], [-0.06076062655139151], [1.599015097065822]], [[-0.03353329346392019], [-0.07517103619562238], [1.6154487394212351]], [[0.028270890514652217], [-0.031299621873606395], [1.7113258264555054]], [[-0.007929258569350185], [0.017604976258001847], [1.5874796058751195]], [[0.07092870557894443], [-0.046154407759774876], [1.622648061028548]], [[0.07444310063312845], [-0.05402450305831233], [1.5918624043145988]], [[0.06345228514426392], [-0.11380573331601287], [1.4847634841086192]], [[0.11309100253869676], [-2.5397491357347626e-06], [1.594874397728135]], [[0.044902390897372635], [-0.12036010402843854], [1.617299728297057]], [[-0.09605704068708616], [-0.06500778801531398], [1.6284749344696383]], [[0.04888931764354784], [0.02196324973986657], [1.5038973314244466]], [[0.035711966627631334], [-0.04126942012221767], [1.62445161149846]], [[0.09682074100949116], [-0.032724502425950555], [1.5916289687956153]], [[0.08516429274327478], [-0.03651345986545765], [1.5380668452149335]], [[0.026677595171079458], [-0.027301374761604033], [1.5386881266621528]], [[0.015737989974260142], [-0.009324306054221349], [1.6267162244330609]], [[0.03935159944111776], [0.030095698701044355], [1.6949264487063385]], [[0.05956137783890406], [-0.015255985134891717], [1.7234856022436977]], [[-0.05519971035456106], [-0.09078190826574857], [1.4363858295617686]], [[-0.014190498451773248], [0.0297533740532098], [1.6161858966270777]], [[-0.038712514679537895], [-0.08597570727729766], [1.443441042004325]], [[0.011077478347030335], [-0.03340606679835406], [1.6004708010831186]], [[-0.03430018166498147], [-0.011648752825163155], [1.6315813867542763]], [[0.045733271859574896], [-0.06606295781359747], [1.5643489063001053]], [[-0.1647860596442725], [-0.00875433554325905], [0.008737844880310304]], [[0.06361904533511471], [-0.07214393711022855], [1.7446989131758999]], [[0.10477921613966293], [0.022309394907422633], [1.5574265344218672]], [[0.023172035320990273], [-0.04156477493790462], [1.3178698816287207]], [[0.05440257056091184], [-0.061826179337920145], [1.6063982415415243]], [[0.054919750066422475], [0.03349616482984363], [1.5608849741494393]], [[0.06347640170082111], [-0.0612858128226632], [1.554044718450861]], [[0.004753382187260491], [-0.07881671816861734], [1.6690919752029285]], [[0.009363792232647715], [0.015016929232137669], [0.007360922740086021]], [[0.060755850799580645], [-0.06746556007995183], [1.607061602377403]], [[0.08777629205547488], [-0.09942799135062029], [1.5493121344814114]], [[-0.03199438801854921], [-0.12985509335665932], [1.624984510281737]], [[-0.012083362853262034], [0.025381081931740133], [1.609596052873509]], [[0.055069079646557266], [-0.15744687790285386], [1.611102935562024]], [[-0.08454732748698217], [-0.050512842298638526], [1.6309737013523045]], [[0.048173333224845606], [-0.0349590689435596], [1.544761754353556]], [[0.06958801233620492], [0.02826644114495098], [1.5683276242198096]], [[-0.013831374438860157], [0.0037956598656928202], [1.576031313121493]]], "tvecs": [[[4.918801856898267], [-2.2252708271484285], [4.693099788407014]], [[2.9023558657031483], [-2.4576896681379052], [4.846217374623465]], [[5.615711874231285], [-3.314090942270181], [8.940083142162372]], [[0.20349552551314454], [-1.0165832613186168], [5.59631118004563]], [[3.5816850876952206], [-2.2204143222101584], [6.574337768903403]], [[-0.6710599490582984], [-2.9152422960733935], [6.7230866248375944]], [[0.1955526227885351], [-2.2010277566382297], [5.891525496822753]], [[4.07253852108739], [-3.011868209396954], [9.033593154600275]], [[4.818117732345505], [-2.60826984879699], [7.136764851165384]], [[6.2435671013325065], [-1.255525438334312], [5.72024036702591]], [[3.180785583825692], [-3.2669320700405304], [6.060289849913267]], [[6.064782955129104], [-2.5941008410495217], [5.2088859568992705]], [[4.429417674238117], [-1.5327585047799317], [5.29604342497658]], [[1.1891534792989331], [-1.608515791265734], [5.8073305822341155]], [[5.369959090068008], [-3.333338705167144], [5.951393530174465]], [[1.3108045706167042], [-2.47738988209889], [5.356544762800427]], [[7.946305022625175], [-2.378400557780435], [6.708443004006242]], [[1.61080866342701], [-2.505290375384149], [5.697419092232086]], [[3.8259402482780693], [-2.9398705854996874], [6.384821081441132]], [[5.335122727341833], [-1.816648126096842], [4.988412531252012]], [[6.57656169167671], [-1.549588609735954], [6.264522344025206]], [[3.719236514696149], [-1.3100721283080587], [5.888270561113155]], [[0.11391205541647925], [-2.8488584088449733], [6.485575688586607]], [[7.444628968019881], [-2.740451682955222], [9.006333029158345]], [[0.6257612525533186], [-2.676417054716682], [6.320513031318004]], [[3.9586421370403038], [-2.071760107790348], [5.1387358973676145]], [[-0.8218919430978213], [-1.3188482889597493], [6.495793516629842]], [[-0.9075380315615392], [-2.0881894709949136], [6.4340093187057885]], [[1.6906926752167746], [-4.226886467665923], [8.682929454592836]], [[3.239231506812333], [-2.3012201476701817], [6.22861137306071]], [[7.869812080656355], [-2.8247671537988515], [6.525408903496384]], [[2.195360740460951], [-3.4569647290731385], [5.972622712218173]], [[-0.7205220294619558], [-3.3402952999896227], [6.114915676116556]], [[4.129916871288018], [-2.5481265096045216], [5.233431132433314]], [[3.4164409413865413], [-2.960984042577536], [5.652698818826324]], [[-0.37718035539573974], [-1.2928287824018936], [6.160229158426828]], [[-4.273647552958797], [-4.090222952487124], [6.154997250356347]], [[-0.4960566802665088], [-3.3490456154741315], [6.106360130042571]], [[3.663721356425547], [-1.1874395225076035], [5.413305062414512]], [[2.7625295096606397], [-1.5869195321146656], [5.171070898948188]], [[8.19774070902559], [-2.727855877141852], [8.994585241699735]], [[1.6381240162433024], [-1.806458873339358], [5.272706131692316]], [[0.9799319253025932], [-2.022409144084583], [5.867300912008153]], [[6.252058964885109], [-3.619103371628169], [6.017240945458555]], [[3.0669585739303304], [-2.7862729156006436], [5.647406020537875]], [[-1.1077827851917694], [-2.492068512459505], [9.064520443953024]]]}